{
    "Ar36": {
        "error": 0.0004580663964441698, 
        "filter_outliers_dict": {
            "filter_outliers": true, 
            "iterations": 2, 
            "std_devs": 2
        }, 
        "fit": "Parabolic", 
        "value": 0.04086228192367821
    }, 
    "Ar37": {
        "error": 0.01193732377992081, 
        "filter_outliers_dict": {
            "filter_outliers": true, 
            "iterations": 2, 
            "std_devs": 2
        }, 
        "fit": "linear", 
        "value": -0.5048883332020596
    }, 
    "Ar38": {
        "error": 0.013257957161634647, 
        "filter_outliers_dict": {
            "filter_outliers": true, 
            "iterations": 2, 
            "std_devs": 2
        }, 
        "fit": "linear", 
        "value": 0.29954709055426
    }, 
    "Ar39": {
        "error": 0.024571433379429006, 
        "filter_outliers_dict": {
            "filter_outliers": true, 
            "iterations": 2, 
            "std_devs": 2
        }, 
        "fit": "Parabolic", 
        "value": 28.415632086112684
    }, 
    "Ar40": {
        "error": 0.02729259356042781, 
        "filter_outliers_dict": {
            "filter_outliers": true, 
            "iterations": 2, 
            "std_devs": 2
        }, 
        "fit": "Parabolic", 
        "value": 116.86056199181023
    }
}