{
    "Ar36": {
        "error": 0.0003657882288825755, 
        "filter_outliers_dict": {
            "filter_outliers": true, 
            "iterations": 2, 
            "std_devs": 2
        }, 
        "fit": "Parabolic", 
        "value": 0.020182282986466737
    }, 
    "Ar37": {
        "error": 0.011500588774262552, 
        "filter_outliers_dict": {
            "filter_outliers": true, 
            "iterations": 2, 
            "std_devs": 2
        }, 
        "fit": "linear", 
        "value": -0.4951518598524692
    }, 
    "Ar38": {
        "error": 0.013101582932222442, 
        "filter_outliers_dict": {
            "filter_outliers": true, 
            "iterations": 2, 
            "std_devs": 2
        }, 
        "fit": "linear", 
        "value": 0.41553875404191354
    }, 
    "Ar39": {
        "error": 0.024753334700422517, 
        "filter_outliers_dict": {
            "filter_outliers": true, 
            "iterations": 2, 
            "std_devs": 2
        }, 
        "fit": "Parabolic", 
        "value": 38.9774271602237
    }, 
    "Ar40": {
        "error": 0.030068476154543194, 
        "filter_outliers_dict": {
            "filter_outliers": true, 
            "iterations": 2, 
            "std_devs": 2
        }, 
        "fit": "Parabolic", 
        "value": 153.5236215893642
    }
}