{
    "Ar36": {
        "error": 0.00031118973852271013, 
        "filter_outliers_dict": {
            "filter_outliers": true, 
            "iterations": 2, 
            "std_devs": 2
        }, 
        "fit": "Parabolic", 
        "value": 0.01683215456889878
    }, 
    "Ar37": {
        "error": 0.011610681420015376, 
        "filter_outliers_dict": {
            "filter_outliers": true, 
            "iterations": 2, 
            "std_devs": 2
        }, 
        "fit": "linear", 
        "value": -0.4757410984656246
    }, 
    "Ar38": {
        "error": 0.012650398394146412, 
        "filter_outliers_dict": {
            "filter_outliers": true, 
            "iterations": 2, 
            "std_devs": 2
        }, 
        "fit": "linear", 
        "value": 0.6137267779823146
    }, 
    "Ar39": {
        "error": 0.026557920878972283, 
        "filter_outliers_dict": {
            "filter_outliers": true, 
            "iterations": 2, 
            "std_devs": 2
        }, 
        "fit": "Parabolic", 
        "value": 47.65141123914053
    }, 
    "Ar40": {
        "error": 0.03153625879300536, 
        "filter_outliers_dict": {
            "filter_outliers": true, 
            "iterations": 2, 
            "std_devs": 2
        }, 
        "fit": "Parabolic", 
        "value": 184.49648923004082
    }
}