{
    "Ar36": {
        "error": 0.00016504789624207, 
        "filter_outliers_dict": {
            "filter_outliers": true, 
            "iterations": 2, 
            "std_devs": 2
        }, 
        "fit": "Parabolic", 
        "value": 0.002217490248219063
    }, 
    "Ar37": {
        "error": 0.012604847514060177, 
        "filter_outliers_dict": {
            "filter_outliers": true, 
            "iterations": 2, 
            "std_devs": 2
        }, 
        "fit": "linear", 
        "value": -0.47772524096443636
    }, 
    "Ar38": {
        "error": 0.012786511093759164, 
        "filter_outliers_dict": {
            "filter_outliers": true, 
            "iterations": 2, 
            "std_devs": 2
        }, 
        "fit": "linear", 
        "value": -0.11468758837994741
    }, 
    "Ar39": {
        "error": 0.023828687752741363, 
        "filter_outliers_dict": {
            "filter_outliers": true, 
            "iterations": 2, 
            "std_devs": 2
        }, 
        "fit": "Parabolic", 
        "value": 0.6323956450230259
    }, 
    "Ar40": {
        "error": 0.01863835371592527, 
        "filter_outliers_dict": {
            "filter_outliers": true, 
            "iterations": 2, 
            "std_devs": 2
        }, 
        "fit": "Parabolic", 
        "value": 3.0753156320784125
    }
}