{
    "Ar36": {
        "error": 0.0005357090811476275, 
        "filter_outliers_dict": {
            "filter_outliers": true, 
            "iterations": 2, 
            "std_devs": 2
        }, 
        "fit": "Parabolic", 
        "value": 0.058798399979707414
    }, 
    "Ar37": {
        "error": 0.011004597272688545, 
        "filter_outliers_dict": {
            "filter_outliers": true, 
            "iterations": 2, 
            "std_devs": 2
        }, 
        "fit": "linear", 
        "value": -0.5064477073148781
    }, 
    "Ar38": {
        "error": 0.012430313457177359, 
        "filter_outliers_dict": {
            "filter_outliers": true, 
            "iterations": 2, 
            "std_devs": 2
        }, 
        "fit": "linear", 
        "value": -0.09052268440287795
    }, 
    "Ar39": {
        "error": 0.023737432658785602, 
        "filter_outliers_dict": {
            "filter_outliers": true, 
            "iterations": 2, 
            "std_devs": 2
        }, 
        "fit": "Parabolic", 
        "value": 0.5670333073433089
    }, 
    "Ar40": {
        "error": 0.02271740659312903, 
        "filter_outliers_dict": {
            "filter_outliers": true, 
            "iterations": 2, 
            "std_devs": 2
        }, 
        "fit": "Parabolic", 
        "value": 29.538963775638003
    }
}