{
    "Ar36": {
        "error": 0.0009692791026170107, 
        "filter_outliers_dict": {
            "filter_outliers": true, 
            "iterations": 2, 
            "std_devs": 2
        }, 
        "fit": "Parabolic", 
        "value": 0.19854620565825257
    }, 
    "Ar37": {
        "error": 0.011559683919096403, 
        "filter_outliers_dict": {
            "filter_outliers": true, 
            "iterations": 2, 
            "std_devs": 2
        }, 
        "fit": "linear", 
        "value": -0.5276218542268525
    }, 
    "Ar38": {
        "error": 0.012105613867274946, 
        "filter_outliers_dict": {
            "filter_outliers": true, 
            "iterations": 2, 
            "std_devs": 2
        }, 
        "fit": "linear", 
        "value": 0.2499045590500529
    }, 
    "Ar39": {
        "error": 0.02323619767374393, 
        "filter_outliers_dict": {
            "filter_outliers": true, 
            "iterations": 2, 
            "std_devs": 2
        }, 
        "fit": "Parabolic", 
        "value": 20.292426347838482
    }, 
    "Ar40": {
        "error": 0.02744838206329486, 
        "filter_outliers_dict": {
            "filter_outliers": true, 
            "iterations": 2, 
            "std_devs": 2
        }, 
        "fit": "Parabolic", 
        "value": 137.24790431765717
    }
}