{
    "Ar36": {
        "error": 0.00014184012333304585, 
        "filter_outliers_dict": {
            "filter_outliers": true, 
            "iterations": 2, 
            "std_devs": 2
        }, 
        "fit": "Parabolic", 
        "value": 0.0012862261220945126
    }, 
    "Ar37": {
        "error": 0.01098794797389842, 
        "filter_outliers_dict": {
            "filter_outliers": true, 
            "iterations": 2, 
            "std_devs": 2
        }, 
        "fit": "linear", 
        "value": -0.5276828010127668
    }, 
    "Ar38": {
        "error": 0.013425805610164846, 
        "filter_outliers_dict": {
            "filter_outliers": true, 
            "iterations": 2, 
            "std_devs": 2
        }, 
        "fit": "linear", 
        "value": -0.1114910432742976
    }, 
    "Ar39": {
        "error": 0.021994869596141265, 
        "filter_outliers_dict": {
            "filter_outliers": true, 
            "iterations": 2, 
            "std_devs": 2
        }, 
        "fit": "Parabolic", 
        "value": -0.06386459577982545
    }, 
    "Ar40": {
        "error": 0.017817728434586767, 
        "filter_outliers_dict": {
            "filter_outliers": true, 
            "iterations": 2, 
            "std_devs": 2
        }, 
        "fit": "Parabolic", 
        "value": 0.3145365285933152
    }
}