{
    "Ar36": {
        "error": 0.00013938948806888036, 
        "filter_outliers_dict": {
            "filter_outliers": true, 
            "iterations": 2, 
            "std_devs": 2
        }, 
        "fit": "Parabolic", 
        "value": 0.0014524959488397557
    }, 
    "Ar37": {
        "error": 0.01043497265765807, 
        "filter_outliers_dict": {
            "filter_outliers": true, 
            "iterations": 2, 
            "std_devs": 2
        }, 
        "fit": "linear", 
        "value": -0.1733131614212935
    }, 
    "Ar38": {
        "error": 0.013732394925910791, 
        "filter_outliers_dict": {
            "filter_outliers": true, 
            "iterations": 2, 
            "std_devs": 2
        }, 
        "fit": "linear", 
        "value": -0.12473307294555053
    }, 
    "Ar39": {
        "error": 0.0241127582312934, 
        "filter_outliers_dict": {
            "filter_outliers": true, 
            "iterations": 2, 
            "std_devs": 2
        }, 
        "fit": "Parabolic", 
        "value": 0.05963950377531354
    }, 
    "Ar40": {
        "error": 0.019222250131641427, 
        "filter_outliers_dict": {
            "filter_outliers": true, 
            "iterations": 2, 
            "std_devs": 2
        }, 
        "fit": "Parabolic", 
        "value": 0.8022909532408422
    }
}