{
    "Ar36": {
        "error": 0.0001554266537059903, 
        "filter_outliers_dict": {
            "filter_outliers": true, 
            "iterations": 2, 
            "std_devs": 2
        }, 
        "fit": "Parabolic", 
        "value": 0.0014860164841446171
    }, 
    "Ar37": {
        "error": 0.01086548129709284, 
        "filter_outliers_dict": {
            "filter_outliers": true, 
            "iterations": 2, 
            "std_devs": 2
        }, 
        "fit": "linear", 
        "value": -0.2248334047780633
    }, 
    "Ar38": {
        "error": 0.012304614103303515, 
        "filter_outliers_dict": {
            "filter_outliers": true, 
            "iterations": 2, 
            "std_devs": 2
        }, 
        "fit": "linear", 
        "value": -0.1309720215969375
    }, 
    "Ar39": {
        "error": 0.022544071700667728, 
        "filter_outliers_dict": {
            "filter_outliers": true, 
            "iterations": 2, 
            "std_devs": 2
        }, 
        "fit": "Parabolic", 
        "value": 0.07785877400460767
    }, 
    "Ar40": {
        "error": 0.01910799922546024, 
        "filter_outliers_dict": {
            "filter_outliers": true, 
            "iterations": 2, 
            "std_devs": 2
        }, 
        "fit": "Parabolic", 
        "value": 0.7317017331456875
    }
}