{
    "AX": {
        "error": 0.011901383384009898, 
        "filter_outliers_dict": {
            "filter_outliers": true, 
            "iterations": 1, 
            "std_devs": 2
        }, 
        "fit": "average", 
        "value": -0.12163216268215904
    }, 
    "H1": {
        "error": 0.011248415625882663, 
        "filter_outliers_dict": {
            "filter_outliers": true, 
            "iterations": 1, 
            "std_devs": 2
        }, 
        "fit": "average", 
        "value": -0.06339231645236162
    }, 
    "H2": {
        "error": 0.009970155607137965, 
        "filter_outliers_dict": {
            "filter_outliers": true, 
            "iterations": 1, 
            "std_devs": 2
        }, 
        "fit": "average", 
        "value": -0.0019167116007324215
    }, 
    "L1": {
        "error": 0.009641171250646778, 
        "filter_outliers_dict": {
            "filter_outliers": true, 
            "iterations": 1, 
            "std_devs": 2
        }, 
        "fit": "average", 
        "value": -0.1864429692117879
    }, 
    "L2(CDD)": {
        "error": 9.908198788303192e-06, 
        "filter_outliers_dict": {
            "filter_outliers": true, 
            "iterations": 1, 
            "std_devs": 2
        }, 
        "fit": "average", 
        "value": 7.591123425920882e-05
    }
}